what,kind,bundleId,bundleVersion,description,time
deactivated,workbench,org.eclipse.ui.workbench,3.7.1.v20120104-1859,"",1415132236483
activated,workbench,org.eclipse.ui.workbench,3.7.1.v20120104-1859,"",1415132249411
activated,editor,org.eclipse.jdt.ui,3.7.2.v20120109-1427,"org.eclipse.jdt.ui.CompilationUnitEditor",1415132249600
executed,command,org.eclipse.ui,3.7.0.v20110928-1505,"org.eclipse.ui.file.save",1415132296280
started,bundle,org.eclipse.mylyn.java.tasks,3.7.1.v20120425-0100,"org.eclipse.mylyn.java.tasks",1415132298107
started,bundle,org.tigris.subversion.clientadapter.javahl,1.6.17,"org.tigris.subversion.clientadapter.javahl",1415132298120
started,bundle,org.tigris.subversion.clientadapter.svnkit,1.6.15,"org.tigris.subversion.clientadapter.svnkit",1415132298122
executed,command,org.eclipse.ui,3.7.0.v20110928-1505,"org.eclipse.ui.file.save",1415132314413
executed,command,,,"com.android.ide.eclipse.adt.junit.launchShortcut.run",1415132323474
activated,view,org.eclipse.jdt.junit,3.7.0.v20110928-1453,"org.eclipse.jdt.junit.ResultView",1415132327480
activated,editor,org.eclipse.jdt.ui,3.7.2.v20120109-1427,"org.eclipse.jdt.ui.CompilationUnitEditor",1415132327653
activated,view,org.eclipse.jdt.junit,3.7.0.v20110928-1453,"org.eclipse.jdt.junit.ResultView",1415132343768
activated,editor,org.eclipse.jdt.ui,3.7.2.v20120109-1427,"org.eclipse.jdt.ui.CompilationUnitEditor",1415132343939
activated,view,org.eclipse.jdt.junit,3.7.0.v20110928-1453,"org.eclipse.jdt.junit.ResultView",1415132353909
activated,editor,org.eclipse.jdt.ui,3.7.2.v20120109-1427,"org.eclipse.jdt.ui.CompilationUnitEditor",1415132354087
executed,command,org.eclipse.ui,3.7.0.v20110928-1505,"org.eclipse.ui.file.save",1415132375749
executed,command,,,"com.android.ide.eclipse.adt.junit.launchShortcut.run",1415132382093
activated,view,org.eclipse.jdt.junit,3.7.0.v20110928-1453,"org.eclipse.jdt.junit.ResultView",1415132385352
activated,editor,org.eclipse.jdt.ui,3.7.2.v20120109-1427,"org.eclipse.jdt.ui.CompilationUnitEditor",1415132385487
executed,command,org.eclipse.ui,3.7.0.v20110928-1505,"org.eclipse.ui.file.save",1415132397182
executed,command,,,"com.android.ide.eclipse.adt.junit.launchShortcut.run",1415132401037
activated,view,org.eclipse.jdt.junit,3.7.0.v20110928-1453,"org.eclipse.jdt.junit.ResultView",1415132406661
opened,editor,org.eclipse.jdt.ui,3.7.2.v20120109-1427,"org.eclipse.jdt.ui.CompilationUnitEditor",1415132406858
activated,editor,org.eclipse.jdt.ui,3.7.2.v20120109-1427,"org.eclipse.jdt.ui.CompilationUnitEditor",1415132406900
activated,view,org.eclipse.jdt.junit,3.7.0.v20110928-1453,"org.eclipse.jdt.junit.ResultView",1415132409408
activated,editor,org.eclipse.jdt.ui,3.7.2.v20120109-1427,"org.eclipse.jdt.ui.CompilationUnitEditor",1415132409584
activated,view,com.android.ide.eclipse.ddms,22.0.5.v201307292155--757759,"com.android.ide.eclipse.ddms.views.LogCatView",1415132422104
activated,editor,org.eclipse.jdt.ui,3.7.2.v20120109-1427,"org.eclipse.jdt.ui.CompilationUnitEditor",1415132422505
deactivated,workbench,org.eclipse.ui.workbench,3.7.1.v20120104-1859,"",1415132426676
activated,workbench,org.eclipse.ui.workbench,3.7.1.v20120104-1859,"",1415132762939
activated,view,org.eclipse.ui.views,3.6.0.v20110928-1505,"org.eclipse.ui.views.PropertySheet",1415132762970
deactivated,workbench,org.eclipse.ui.workbench,3.7.1.v20120104-1859,"",1415132763202
activated,workbench,org.eclipse.ui.workbench,3.7.1.v20120104-1859,"",1415132770203
activated,editor,org.eclipse.jdt.ui,3.7.2.v20120109-1427,"org.eclipse.jdt.ui.CompilationUnitEditor",1415132770240
activated,view,org.eclipse.jdt.junit,3.7.0.v20110928-1453,"org.eclipse.jdt.junit.ResultView",1415132771778
activated,editor,org.eclipse.jdt.ui,3.7.2.v20120109-1427,"org.eclipse.jdt.ui.CompilationUnitEditor",1415132772572
deactivated,workbench,org.eclipse.ui.workbench,3.7.1.v20120104-1859,"",1415132773737
activated,workbench,org.eclipse.ui.workbench,3.7.1.v20120104-1859,"",1415132837034
activated,view,org.eclipse.jdt.junit,3.7.0.v20110928-1453,"org.eclipse.jdt.junit.ResultView",1415132837061
activated,editor,org.eclipse.jdt.ui,3.7.2.v20120109-1427,"org.eclipse.jdt.ui.CompilationUnitEditor",1415132843189
executed,command,org.eclipse.ui,3.7.0.v20110928-1505,"org.eclipse.ui.file.save",1415132872219
activated,view,org.eclipse.jdt.junit,3.7.0.v20110928-1453,"org.eclipse.jdt.junit.ResultView",1415132874652
executed,command,org.eclipse.jdt.junit,3.7.0.v20110928-1453,"org.eclipse.jdt.junit.junitShortcut.rerunLast",1415132874686
activated,editor,org.eclipse.jdt.ui,3.7.2.v20120109-1427,"org.eclipse.jdt.ui.CompilationUnitEditor",1415132878155
activated,view,org.eclipse.jdt.junit,3.7.0.v20110928-1453,"org.eclipse.jdt.junit.ResultView",1415132880137
activated,editor,org.eclipse.jdt.ui,3.7.2.v20120109-1427,"org.eclipse.jdt.ui.CompilationUnitEditor",1415132880323
activated,editor,org.eclipse.jdt.ui,3.7.2.v20120109-1427,"org.eclipse.jdt.ui.CompilationUnitEditor",1415132882105
activated,editor,org.eclipse.jdt.ui,3.7.2.v20120109-1427,"org.eclipse.jdt.ui.CompilationUnitEditor",1415132893412
activated,editor,org.eclipse.jdt.ui,3.7.2.v20120109-1427,"org.eclipse.jdt.ui.CompilationUnitEditor",1415132899532
activated,editor,org.eclipse.jdt.ui,3.7.2.v20120109-1427,"org.eclipse.jdt.ui.CompilationUnitEditor",1415132900195
closed,editor,org.eclipse.jdt.ui,3.7.2.v20120109-1427,"org.eclipse.jdt.ui.CompilationUnitEditor",1415132900214
executed,command,org.eclipse.ui,3.7.0.v20110928-1505,"org.eclipse.ui.file.save",1415132949527
executed,command,org.eclipse.ui,3.7.0.v20110928-1505,"org.eclipse.ui.file.save",1415132963896
activated,view,org.eclipse.jdt.junit,3.7.0.v20110928-1453,"org.eclipse.jdt.junit.ResultView",1415132965979
activated,editor,org.eclipse.jdt.ui,3.7.2.v20120109-1427,"org.eclipse.jdt.ui.CompilationUnitEditor",1415132974967
started,bundle,org.eclipse.pde.api.tools,1.0.301.v20111129-2053,"org.eclipse.pde.api.tools",1415132987566
started,bundle,org.eclipse.pde.api.tools.ui,1.0.301.v20110803_r371,"org.eclipse.pde.api.tools.ui",1415132987567
started,bundle,org.eclipse.mylyn.java.ui,3.7.1.v20120425-0100,"org.eclipse.mylyn.java.ui",1415132987593
executed,command,org.eclipse.ui,3.7.0.v20110928-1505,"org.eclipse.ui.file.save",1415133013425
activated,view,org.eclipse.jdt.junit,3.7.0.v20110928-1453,"org.eclipse.jdt.junit.ResultView",1415133014059
activated,editor,org.eclipse.jdt.ui,3.7.2.v20120109-1427,"org.eclipse.jdt.ui.CompilationUnitEditor",1415133029757
deactivated,workbench,org.eclipse.ui.workbench,3.7.1.v20120104-1859,"",1415133481488
activated,workbench,org.eclipse.ui.workbench,3.7.1.v20120104-1859,"",1415133573383
deactivated,workbench,org.eclipse.ui.workbench,3.7.1.v20120104-1859,"",1415133573511
closed,workbench,org.eclipse.ui.workbench,3.7.1.v20120104-1859,"",1415133574810
stopped,bundle,org.eclipse.m2e.logback.configuration,1.0.200.20111228-1245,"org.eclipse.m2e.logback.configuration",1415133575217
stopped,bundle,org.eclipse.m2e.discovery,1.0.200.20111228-1245,"org.eclipse.m2e.discovery",1415133575218
stopped,bundle,org.eclipse.m2e.refactoring,1.0.200.20111228-1245,"org.eclipse.m2e.refactoring",1415133575218
stopped,bundle,org.eclipse.m2e.editor,1.0.200.20111228-1245,"org.eclipse.m2e.editor",1415133575219
stopped,bundle,org.eclipse.m2e.editor.xml,1.0.200.20111228-1245,"org.eclipse.m2e.editor.xml",1415133575219
stopped,bundle,org.eclipse.m2e.jdt,1.0.200.20111228-1245,"org.eclipse.m2e.jdt",1415133575220
stopped,bundle,org.eclipse.m2e.launching,1.0.200.20111228-1245,"org.eclipse.m2e.launching",1415133575220
stopped,bundle,org.eclipse.m2e.usagedata,1.0.200.20111228-1245,"org.eclipse.m2e.usagedata",1415133575220
stopped,bundle,com.soyatec.eemf,3.7.1.20110624,"com.soyatec.eemf",1415133575221
stopped,bundle,com.soyatec.additional,3.7.1.20110624,"com.soyatec.additional",1415133575221
stopped,bundle,com.soyatec.core,3.7.1.20110624,"com.soyatec.core",1415133575221
stopped,bundle,org.eclipse.jst.j2ee.xdoclet.runtime,1.1.300.v201004280700,"org.eclipse.jst.j2ee.xdoclet.runtime",1415133575222
stopped,bundle,org.eclipse.jst.j2ee.ejb.annotations.xdoclet,1.2.200.v201103302125,"org.eclipse.jst.j2ee.ejb.annotations.xdoclet",1415133575223
stopped,bundle,com.android.ide.eclipse.ndk,22.0.5.v201307292155--757759,"com.android.ide.eclipse.ndk",1415133575223
stopped,bundle,overlay.com.android.ide.eclipse.adt.overlay,22.0.5.v201307292155--757759,"overlay.com.android.ide.eclipse.adt.overlay",1415133575223
stopped,bundle,com.android.ide.eclipse.adt,22.0.5.v201307292155--757759,"com.android.ide.eclipse.adt",1415133575223
stopped,bundle,org.eclipse.cdt,8.0.2.201202111925,"org.eclipse.cdt",1415133575223
stopped,bundle,org.eclipse.cdt.doc.user,5.1.1.201202111925,"org.eclipse.cdt.doc.user",1415133575224
stopped,bundle,org.eclipse.emf.cheatsheets,2.5.0.v20120130-0943,"org.eclipse.emf.cheatsheets",1415133575237
stopped,bundle,org.eclipse.pde.ua.ui,1.0.100.v20110516,"org.eclipse.pde.ua.ui",1415133575244
stopped,bundle,org.eclipse.pde.api.tools.ui,1.0.301.v20110803_r371,"org.eclipse.pde.api.tools.ui",1415133575244
stopped,bundle,org.eclipse.pde.ds.ui,1.0.100.v20111213-1754,"org.eclipse.pde.ds.ui",1415133575256
stopped,bundle,org.eclipse.pde.runtime,3.4.201.v20110928-1516,"org.eclipse.pde.runtime",1415133575265
stopped,bundle,org.eclipse.pde.ui.templates,3.4.400.v20110928-1516,"org.eclipse.pde.ui.templates",1415133575282
stopped,bundle,org.eclipse.pde.ui,3.6.100.v20120103_r372,"org.eclipse.pde.ui",1415133575282
activated,perspective,org.eclipse.jdt.ui,,"org.eclipse.jdt.ui.JavaPerspective",1415222155902
started,bundle,org.eclipse.osgi,3.7.2.v20120110-1415,"org.eclipse.osgi",1415222155903
started,bundle,org.eclipse.equinox.simpleconfigurator,1.0.200.v20110815-1438,"org.eclipse.equinox.simpleconfigurator",1415222155903
started,bundle,com.ibm.icu,4.4.2.v20110823,"com.ibm.icu",1415222155904
started,bundle,org.eclipse.compare.core,3.5.200.I20110208-0800,"org.eclipse.compare.core",1415222155904
started,bundle,org.eclipse.core.contenttype,3.4.100.v20110423-0524,"org.eclipse.core.contenttype",1415222155905
started,bundle,org.eclipse.core.databinding.observable,1.4.0.I20110222-0800,"org.eclipse.core.databinding.observable",1415222155921
started,bundle,org.eclipse.core.expressions,3.4.300.v20110228,"org.eclipse.core.expressions",1415222155921
started,bundle,org.eclipse.core.filebuffers,3.5.200.v20110928-1504,"org.eclipse.core.filebuffers",1415222155921
started,bundle,org.eclipse.core.filesystem,1.3.100.v20110423-0524,"org.eclipse.core.filesystem",1415222155922
started,bundle,org.eclipse.core.jobs,3.5.101.v20120113-1953,"org.eclipse.core.jobs",1415222155923
started,bundle,org.eclipse.core.net,1.2.100.I20110511-0800,"org.eclipse.core.net",1415222155927
started,bundle,org.eclipse.core.resources,3.7.101.v20120125-1505,"org.eclipse.core.resources",1415222155948
started,bundle,org.eclipse.core.runtime,3.7.0.v20110110,"org.eclipse.core.runtime",1415222155948
started,bundle,org.eclipse.core.runtime.compatibility,3.2.100.v20100505,"org.eclipse.core.runtime.compatibility",1415222155949
started,bundle,org.eclipse.core.runtime.compatibility.auth,3.2.200.v20110110,"org.eclipse.core.runtime.compatibility.auth",1415222155949
started,bundle,org.eclipse.debug.core,3.7.1.v20111129-2031,"org.eclipse.debug.core",1415222155958
started,bundle,org.eclipse.egit.core,1.3.0.201202151440-r,"org.eclipse.egit.core",1415222155958
started,bundle,org.eclipse.egit.ui,1.3.0.201202151440-r,"org.eclipse.egit.ui",1415222155959
started,bundle,org.eclipse.epp.mpc.ui,1.1.1.I20110907-0947,"org.eclipse.epp.mpc.ui",1415222155960
started,bundle,org.eclipse.epp.usagedata.gathering,1.3.1.R201106061540,"org.eclipse.epp.usagedata.gathering",1415222155960
started,bundle,org.eclipse.epp.usagedata.recording,1.3.1.R201106061540,"org.eclipse.epp.usagedata.recording",1415222155961
started,bundle,org.eclipse.equinox.app,1.3.100.v20110321,"org.eclipse.equinox.app",1415222155961
started,bundle,org.eclipse.equinox.common,3.6.0.v20110523,"org.eclipse.equinox.common",1415222155962
started,bundle,org.eclipse.equinox.ds,1.3.1.R37x_v20110701,"org.eclipse.equinox.ds",1415222155962
started,bundle,org.eclipse.equinox.event,1.2.100.v20110502,"org.eclipse.equinox.event",1415222155962
started,bundle,org.eclipse.equinox.p2.core,2.1.1.v20120113-1346,"org.eclipse.equinox.p2.core",1415222155963
started,bundle,org.eclipse.equinox.p2.directorywatcher,1.0.300.v20110815-1419,"org.eclipse.equinox.p2.directorywatcher",1415222155963
started,bundle,org.eclipse.equinox.p2.engine,2.1.1.R37x_v20111003,"org.eclipse.equinox.p2.engine",1415222155964
started,bundle,org.eclipse.equinox.p2.metadata,2.1.0.v20110815-1419,"org.eclipse.equinox.p2.metadata",1415222156032
started,bundle,org.eclipse.equinox.p2.metadata.repository,1.2.0.v20110815-1419,"org.eclipse.equinox.p2.metadata.repository",1415222156032
started,bundle,org.eclipse.equinox.p2.operations,2.1.1.R37x_v20111111,"org.eclipse.equinox.p2.operations",1415222156033
started,bundle,org.eclipse.equinox.p2.reconciler.dropins,1.1.100.v20110815-1419,"org.eclipse.equinox.p2.reconciler.dropins",1415222156033
started,bundle,org.eclipse.equinox.p2.repository,2.1.1.v20120113-1346,"org.eclipse.equinox.p2.repository",1415222156034
started,bundle,org.eclipse.equinox.p2.ui.sdk.scheduler,1.0.100.v20110815-1419,"org.eclipse.equinox.p2.ui.sdk.scheduler",1415222156035
started,bundle,org.eclipse.equinox.p2.updatechecker,1.1.200.v20110815-1419,"org.eclipse.equinox.p2.updatechecker",1415222156035
started,bundle,org.eclipse.equinox.preferences,3.4.2.v20120111-2020,"org.eclipse.equinox.preferences",1415222156036
started,bundle,org.eclipse.equinox.registry,3.5.101.R37x_v20110810-1611,"org.eclipse.equinox.registry",1415222156036
started,bundle,org.eclipse.equinox.security,1.1.1.R37x_v20110822-1018,"org.eclipse.equinox.security",1415222156037
started,bundle,org.eclipse.equinox.util,1.0.300.v20110502,"org.eclipse.equinox.util",1415222156037
started,bundle,org.eclipse.help,3.5.100.v20110426,"org.eclipse.help",1415222156064
started,bundle,org.eclipse.jdt.core,3.7.3.v20120119-1537,"org.eclipse.jdt.core",1415222156065
started,bundle,org.eclipse.jdt.core.manipulation,1.4.0.v20110928-1453,"org.eclipse.jdt.core.manipulation",1415222156066
started,bundle,org.eclipse.jdt.junit,3.7.0.v20110928-1453,"org.eclipse.jdt.junit",1415222156129
started,bundle,org.eclipse.jdt.junit.core,3.7.0.v20110928-1453,"org.eclipse.jdt.junit.core",1415222156130
started,bundle,org.eclipse.jdt.launching,3.6.1.v20111006_r372,"org.eclipse.jdt.launching",1415222156186
started,bundle,org.eclipse.jdt.ui,3.7.2.v20120109-1427,"org.eclipse.jdt.ui",1415222156186
started,bundle,org.eclipse.jface,3.7.0.v20110928-1505,"org.eclipse.jface",1415222156186
started,bundle,org.eclipse.jgit,1.3.0.201202151440-r,"org.eclipse.jgit",1415222156187
started,bundle,org.eclipse.jsch.core,1.1.300.I20110514-0800,"org.eclipse.jsch.core",1415222156187
started,bundle,org.eclipse.ltk.core.refactoring,3.5.201.r372_v20111101-0700,"org.eclipse.ltk.core.refactoring",1415222156187
started,bundle,org.eclipse.ltk.ui.refactoring,3.6.0.v20110928-1453,"org.eclipse.ltk.ui.refactoring",1415222156233
started,bundle,org.eclipse.m2e.logback.configuration,1.0.200.20111228-1245,"org.eclipse.m2e.logback.configuration",1415222156234
started,bundle,org.eclipse.search,3.7.0.v20110928-1504,"org.eclipse.search",1415222156262
started,bundle,org.eclipse.team.core,3.6.0.I20110525-0800,"org.eclipse.team.core",1415222156263
started,bundle,org.eclipse.team.cvs.core,3.3.400.I20110510-0800,"org.eclipse.team.cvs.core",1415222156282
started,bundle,org.eclipse.team.ui,3.6.101.R37x_v20111109-0800,"org.eclipse.team.ui",1415222156305
started,bundle,org.eclipse.ui,3.7.0.v20110928-1505,"org.eclipse.ui",1415222156308
started,bundle,org.eclipse.ui.console,3.5.100.v20111007_r372,"org.eclipse.ui.console",1415222156308
started,bundle,org.eclipse.ui.editors,3.7.0.v20110928-1504,"org.eclipse.ui.editors",1415222156308
started,bundle,org.eclipse.ui.forms,3.5.101.v20111011-1919,"org.eclipse.ui.forms",1415222156339
started,bundle,org.eclipse.ui.ide,3.7.0.v20110928-1505,"org.eclipse.ui.ide",1415222156372
started,bundle,org.eclipse.ui.navigator,3.5.101.v20120106-1355,"org.eclipse.ui.navigator",1415222156386
started,bundle,org.eclipse.ui.net,1.2.100.v20111208-1155,"org.eclipse.ui.net",1415222156387
started,bundle,org.eclipse.ui.views,3.6.0.v20110928-1505,"org.eclipse.ui.views",1415222156387
started,bundle,org.eclipse.ui.views.log,1.0.200.v20110404,"org.eclipse.ui.views.log",1415222156412
started,bundle,org.eclipse.ui.workbench,3.7.1.v20120104-1859,"org.eclipse.ui.workbench",1415222156413
started,bundle,org.eclipse.ui.workbench.texteditor,3.7.0.v20110928-1504,"org.eclipse.ui.workbench.texteditor",1415222156435
started,bundle,org.eclipse.update.configurator,3.3.100.v20100512,"org.eclipse.update.configurator",1415222156436
started,bundle,org.eclipse.update.core,3.2.500.v20110330,"org.eclipse.update.core",1415222156436
started,bundle,org.eclipse.update.scheduler,3.2.300.v20100512,"org.eclipse.update.scheduler",1415222156436
started,bundle,org.eclipse.wb.discovery.core,1.3.0.r37x201202052340,"org.eclipse.wb.discovery.core",1415222156437
started,bundle,org.eclipse.wst.common.project.facet.core,1.4.201.v201201101553,"org.eclipse.wst.common.project.facet.core",1415222156458
started,bundle,org.eclipse.pde.launching,3.6.0.v20110506,"org.eclipse.pde.launching",1415222156459
started,bundle,org.eclipse.pde.ui,3.6.100.v20120103_r372,"org.eclipse.pde.ui",1415222156493
started,bundle,org.eclipse.mylyn.bugzilla.core,3.7.1.v20120425-0100,"org.eclipse.mylyn.bugzilla.core",1415222156493
started,bundle,org.eclipse.mylyn.bugzilla.ui,3.7.1.v20120425-0100,"org.eclipse.mylyn.bugzilla.ui",1415222156494
started,bundle,org.eclipse.mylyn.commons.core,3.7.1.v20120425-0100,"org.eclipse.mylyn.commons.core",1415222156494
started,bundle,org.eclipse.mylyn.commons.net,3.7.1.v20120425-0100,"org.eclipse.mylyn.commons.net",1415222156494
started,bundle,org.eclipse.mylyn.commons.notifications.core,0.9.1.v20120425-0100,"org.eclipse.mylyn.commons.notifications.core",1415222156495
started,bundle,org.eclipse.mylyn.commons.notifications.feed,0.9.1.v20120425-0100,"org.eclipse.mylyn.commons.notifications.feed",1415222156495
started,bundle,org.eclipse.mylyn.commons.ui,3.7.1.v20120425-0100,"org.eclipse.mylyn.commons.ui",1415222156495
started,bundle,org.eclipse.mylyn.commons.workbench,3.7.1.v20120425-0100,"org.eclipse.mylyn.commons.workbench",1415222156496
started,bundle,org.eclipse.mylyn.context.core,3.7.1.v20120425-0100,"org.eclipse.mylyn.context.core",1415222156496
started,bundle,org.eclipse.mylyn.context.tasks.ui,3.7.1.v20120425-0100,"org.eclipse.mylyn.context.tasks.ui",1415222156496
started,bundle,org.eclipse.mylyn.monitor.ui,3.7.1.v20120425-0100,"org.eclipse.mylyn.monitor.ui",1415222156497
started,bundle,org.eclipse.mylyn.tasks.ui,3.7.1.v20120425-0100,"org.eclipse.mylyn.tasks.ui",1415222156498
started,bundle,org.tigris.subversion.clientadapter,1.6.12,"org.tigris.subversion.clientadapter",1415222156498
started,bundle,org.tigris.subversion.subclipse.core,1.6.18,"org.tigris.subversion.subclipse.core",1415222156498
started,bundle,org.tigris.subversion.subclipse.mylyn,3.0.0,"org.tigris.subversion.subclipse.mylyn",1415222156498
started,bundle,com.android.ide.eclipse.base,22.0.5.v201307292155--757759,"com.android.ide.eclipse.base",1415222156499
started,bundle,com.android.ide.eclipse.ddms,22.0.5.v201307292155--757759,"com.android.ide.eclipse.ddms",1415222156499
os,sysinfo,,,"linux",1415222156502
arch,sysinfo,,,"x86_64",1415222156502
ws,sysinfo,,,"gtk",1415222156502
locale,sysinfo,,,"en_US",1415222156502
processors,sysinfo,,,"2",1415222156502
java.runtime.name,sysinfo,,,"OpenJDK Runtime Environment",1415222156502
java.runtime.version,sysinfo,,,"1.6.0_33-b33",1415222156502
java.specification.name,sysinfo,,,"Java Platform API Specification",1415222156502
java.specification.vendor,sysinfo,,,"Sun Microsystems Inc.",1415222156502
java.specification.version,sysinfo,,,"1.6",1415222156502
java.vendor,sysinfo,,,"Sun Microsystems Inc.",1415222156502
java.version,sysinfo,,,"1.6.0_33",1415222156503
java.vm.info,sysinfo,,,"mixed mode",1415222156503
java.vm.name,sysinfo,,,"OpenJDK 64-Bit Server VM",1415222156503
java.vm.specification.name,sysinfo,,,"Java Virtual Machine Specification",1415222156503
java.vm.specification.vendor,sysinfo,,,"Sun Microsystems Inc.",1415222156503
java.vm.specification.version,sysinfo,,,"1.0",1415222156503
java.vm.vendor,sysinfo,,,"Sun Microsystems Inc.",1415222156503
java.vm.version,sysinfo,,,"23.25-b01",1415222156503
started,bundle,org.eclipse.m2e.usagedata,1.0.200.20111228-1245,"org.eclipse.m2e.usagedata",1415222156543
started,bundle,com.collabnet.subversion.merge,2.2.4,"com.collabnet.subversion.merge",1415222156854
started,bundle,org.eclipse.compare,3.5.202.R37x_v20111109-0800,"org.eclipse.compare",1415222156920
started,bundle,org.tigris.subversion.subclipse.ui,1.6.18,"org.tigris.subversion.subclipse.ui",1415222157035
started,bundle,com.android.ide.eclipse.adt,22.0.5.v201307292155--757759,"com.android.ide.eclipse.adt",1415222157252
started,bundle,org.eclipse.wb.discovery.ui,1.3.0.r37x201202052340,"org.eclipse.wb.discovery.ui",1415222159082
started,bundle,org.eclipse.cdt.codan.ui.cxx,2.0.0.201202111925,"org.eclipse.cdt.codan.ui.cxx",1415222159113
started,bundle,org.eclipse.mylyn.team.ui,3.7.1.v20120425-0100,"org.eclipse.mylyn.team.ui",1415222159129
started,bundle,org.tigris.subversion.subclipse.tools.usage,1.0.1,"org.tigris.subversion.subclipse.tools.usage",1415222159141
started,bundle,org.eclipse.wst.web,1.1.501.v201201190400,"org.eclipse.wst.web",1415222159169
started,bundle,org.eclipse.cdt.make.core,7.1.2.201202111925,"org.eclipse.cdt.make.core",1415222159414
started,bundle,org.eclipse.cdt.managedbuilder.core,8.0.2.201202111925,"org.eclipse.cdt.managedbuilder.core",1415222159514
started,bundle,org.eclipse.cdt.core,5.3.2.201202111925,"org.eclipse.cdt.core",1415222159639
started,bundle,org.eclipse.cdt.ui,5.3.2.201202111925,"org.eclipse.cdt.ui",1415222159918
started,bundle,org.eclipse.cdt.codan.core.cxx,1.0.0.201202111925,"org.eclipse.cdt.codan.core.cxx",1415222159926
started,bundle,org.eclipse.cdt.codan.core,2.0.0.201202111925,"org.eclipse.cdt.codan.core",1415222159940
started,bundle,org.eclipse.cdt.make.ui,7.1.2.201202111925,"org.eclipse.cdt.make.ui",1415222159942
started,bundle,org.eclipse.cdt.codan.checkers,1.0.1.201202111925,"org.eclipse.cdt.codan.checkers",1415222159968
opened,view,org.eclipse.ui.ide,3.7.0.v20110928-1505,"org.eclipse.ui.views.ProblemView",1415222160291
started,bundle,com.android.ide.eclipse.traceview,22.0.5.v201307292155--757759,"com.android.ide.eclipse.traceview",1415222160624
opened,editor,org.eclipse.jdt.ui,3.7.2.v20120109-1427,"org.eclipse.jdt.ui.CompilationUnitEditor",1415222164422
activated,editor,org.eclipse.jdt.ui,3.7.2.v20120109-1427,"org.eclipse.jdt.ui.CompilationUnitEditor",1415222164472
closed,editor,org.eclipse.jdt.ui,3.7.2.v20120109-1427,"org.eclipse.jdt.ui.CompilationUnitEditor",1415222164478
opened,editor,org.eclipse.jdt.ui,3.7.2.v20120109-1427,"org.eclipse.jdt.ui.CompilationUnitEditor",1415222165519
activated,editor,org.eclipse.jdt.ui,3.7.2.v20120109-1427,"org.eclipse.jdt.ui.CompilationUnitEditor",1415222165575
activated,editor,org.eclipse.jdt.ui,3.7.2.v20120109-1427,"org.eclipse.jdt.ui.CompilationUnitEditor",1415222166269
closed,editor,org.eclipse.jdt.ui,3.7.2.v20120109-1427,"org.eclipse.jdt.ui.CompilationUnitEditor",1415222166273
activated,view,org.eclipse.ui.views,3.6.0.v20110928-1505,"org.eclipse.ui.views.PropertySheet",1415222167753
closed,editor,org.eclipse.jdt.ui,3.7.2.v20120109-1427,"org.eclipse.jdt.ui.CompilationUnitEditor",1415222167753
activated,view,org.eclipse.jdt.ui,3.7.2.v20120109-1427,"org.eclipse.jdt.ui.PackageExplorer",1415222168981
started,bundle,org.eclipse.wst.common.frameworks.ui,1.2.100.v201105122000,"org.eclipse.wst.common.frameworks.ui",1415222172815
started,bundle,org.eclipse.wst.common.core,1.2.0.v200908252030,"org.eclipse.wst.common.core",1415222172861
deactivated,workbench,org.eclipse.ui.workbench,3.7.1.v20120104-1859,"",1415222176794
activated,workbench,org.eclipse.ui.workbench,3.7.1.v20120104-1859,"",1415222177216
deactivated,workbench,org.eclipse.ui.workbench,3.7.1.v20120104-1859,"",1415222177503
started,bundle,org.eclipse.wst.jsdt.manipulation,1.0.300.v201104272153,"org.eclipse.wst.jsdt.manipulation",1415222179464
started,bundle,org.eclipse.wst.jsdt.core,1.1.102.v201111090634,"org.eclipse.wst.jsdt.core",1415222179750
started,bundle,org.eclipse.wst.jsdt.ui,1.1.102.v201201131900,"org.eclipse.wst.jsdt.ui",1415222179865
executed,command,org.eclipse.ltk.ui.refactoring,3.6.0.v20110928-1453,"org.eclipse.ltk.ui.refactoring.commands.deleteResources",1415222180342
executed,command,org.eclipse.ui,3.7.0.v20110928-1505,"org.eclipse.ui.edit.delete",1415222180343
activated,workbench,org.eclipse.ui.workbench,3.7.1.v20120104-1859,"",1415222180375
started,bundle,org.eclipse.jdt.apt.core,3.3.500.v20110420-1015,"org.eclipse.jdt.apt.core",1415222181179
started,bundle,org.eclipse.jdt.apt.pluggable.core,1.0.400.v20110305-1450,"org.eclipse.jdt.apt.pluggable.core",1415222181189
started,bundle,org.eclipse.wb.core.lib,1.3.0.r37x201202052311,"org.eclipse.wb.core.lib",1415222181586
started,bundle,org.eclipse.wb.core,1.3.0.r37x201202052311,"org.eclipse.wb.core",1415222181690
deactivated,workbench,org.eclipse.ui.workbench,3.7.1.v20120104-1859,"",1415222186793
executed,command,org.eclipse.ltk.ui.refactoring,3.6.0.v20110928-1453,"org.eclipse.ltk.ui.refactoring.commands.deleteResources",1415222188037
executed,command,org.eclipse.ui,3.7.0.v20110928-1505,"org.eclipse.ui.edit.delete",1415222188037
activated,workbench,org.eclipse.ui.workbench,3.7.1.v20120104-1859,"",1415222188053
deactivated,workbench,org.eclipse.ui.workbench,3.7.1.v20120104-1859,"",1415222190619
executed,command,org.eclipse.ltk.ui.refactoring,3.6.0.v20110928-1453,"org.eclipse.ltk.ui.refactoring.commands.deleteResources",1415222191440
executed,command,org.eclipse.ui,3.7.0.v20110928-1505,"org.eclipse.ui.edit.delete",1415222191440
activated,workbench,org.eclipse.ui.workbench,3.7.1.v20120104-1859,"",1415222191451
deactivated,workbench,org.eclipse.ui.workbench,3.7.1.v20120104-1859,"",1415222193896
executed,command,org.eclipse.ltk.ui.refactoring,3.6.0.v20110928-1453,"org.eclipse.ltk.ui.refactoring.commands.deleteResources",1415222194895
executed,command,org.eclipse.ui,3.7.0.v20110928-1505,"org.eclipse.ui.edit.delete",1415222194895
activated,workbench,org.eclipse.ui.workbench,3.7.1.v20120104-1859,"",1415222194906
deactivated,workbench,org.eclipse.ui.workbench,3.7.1.v20120104-1859,"",1415222199928
executed,command,org.eclipse.ltk.ui.refactoring,3.6.0.v20110928-1453,"org.eclipse.ltk.ui.refactoring.commands.deleteResources",1415222200958
executed,command,org.eclipse.ui,3.7.0.v20110928-1505,"org.eclipse.ui.edit.delete",1415222200959
activated,workbench,org.eclipse.ui.workbench,3.7.1.v20120104-1859,"",1415222200970
deactivated,workbench,org.eclipse.ui.workbench,3.7.1.v20120104-1859,"",1415222204577
closed,workbench,org.eclipse.ui.workbench,3.7.1.v20120104-1859,"",1415222205830
stopped,bundle,org.eclipse.m2e.logback.configuration,1.0.200.20111228-1245,"org.eclipse.m2e.logback.configuration",1415222206863
